严重程度,缺陷 ID,文件路径,步骤数,缺陷名称,缺陷描述,结论状态,AI验证状态
低危,#854841c4-d98b-47a9-a044-19971e3c7913,pyart/correct/_unwrap_2d.c,0,Integer truncation of memoryview dimensions from Py_ssize_t to int when calling unwrap2D,生成的调用点把 `image.shape[1]` 与 `image.shape[0]`（均为 Py_ssize_t，在受支持的 64 位平台上为 64 位有符号整数）转换为外部 `unwrap2D` 原型（L3236）中声明的 `int` 参数，且未生成任何范围检查。若调用方传入某一维度超过 INT_MAX 的数组，该值会被截断（甚至变为负数），随后被 C 例程用作循环边界，导致遍历错误；与 VULN-001 缺失形状校验的问题叠加，还会造成越界访问。这是一个真实但适用范围较窄的缺陷：64 位平台上 double 数组维度超过 2^31 需要超过 16 GiB 连续内存；而在 32 位构建上该截断边界要小得多、更易触发。单独报告是因为它属于不同的缺陷类别（数值截断），修复方式也与形状校验不同。,仅初筛,未验证
中危,#c5ca908c-51fc-48b3-8417-adc1ea55940d,pyart/correct/_unwrap_1d.c,0,Out-of-bounds heap read/write on empty memoryview in Cython-generated unwrap_1d,Cython 生成的 `unwrap_1d`（源文件 `pyart/correct/_unwrap_1d.pyx:15`）在任何长度检查之前就无条件写入输出 memoryview 的第 0 个元素。由于模块使用 `boundscheck=False` 与 `wraparound=False` 编译，生成的第 18033 行 C 代码直接对 `__pyx_v_unwrapped_image.data[0]` 执行 `double*` 写入，并从 `__pyx_v_image.data[0]` 读取。函数体以及 Cython 参数解包包装函数都没有验证任一缓冲区至少含有一个元素。任何传入零长度数组的调用方（例如门数为 0 的雷达径向数据，或直接以 `np.empty(0)` 调用模块级导出的 `unwrap_1d`）都会触发对 `image` 的堆越界读取以及对 `unwrapped_image` 的堆越界写入。对于空 NumPy 数组，其 data 指针往往为 NULL 或指向已失效的哨兵分配，因此该写入会破坏堆元数据或导致解释器崩溃。该缺陷源于 `image[0]` / `unwrapped_image[0]` 访问与禁用边界检查的组合，属于项目自身生成的原生扩展中的真实内存安全缺陷，而非 Cython 运行时代码模板的问题。本模块其余生成函数已完整阅读，均为未经修改的 Cython 3.3.0 运行时模板代码且自带防护（详见 file_verdicts）。,已确认,已验证
中危,#1a7f212c-b7a9-44f7-92d6-19ab06e331c5,pyart/correct/unwrap_3d_ljmu.c,0,Unchecked calloc() results in 3D phase unwrapper cause NULL pointer dereference (DoS),unwrap3D() 使用 calloc() 分配三个工作缓冲区（extended_mask、voxel、edge），但在把这些指针传给 extend_mask()、initialiseVOXELs()、calculate_reliability() 及各 EDGE 构造函数之前，从不检查分配是否返回 NULL。申请的大小直接由调用方传入的体积维度决定：mask 为 volume_size 字节，voxel 数组为 volume_size * sizeof(VOXELM)（约 64 字节/元素），edge 数组为 3 * volume_size 条记录（约 24 字节/条）。因此一个较大但结构合法的雷达体所申请的内存是输入数组的数十倍；在内存受限的主机上 calloc 会失败并返回 NULL，紧接着的调用即解引用空指针（extend_mask 遍历 mask 缓冲区、initialiseVOXELs 写入 voxel_pointer->increment 等），导致进程崩溃。此外 volume_size 与 No_of_Edges_initially 均使用 32 位 int 计算，当 width*height*depth 超过约 2^31/(3*sizeof(VOXELM)) 个元素时发生整数溢出，缓冲区被欠分配而循环仍遍历整个体积，失败路径同样落入未检查的空指针解引用。任何对攻击者可控雷达体执行解包裹处理的流水线或服务都会遭受拒绝服务。,已确认,已验证
高危,#6ff3be95-2134-4a50-bc62-4fd6d3107d9a,pyart/io/_sigmetfile.pyx,0,Out-of-bounds heap write in _mask_gates_not_collected via negative nbins from Sigmet ray header,"`_mask_gates_not_collected` 使用 `@cython.boundscheck(False)` 编译，移除了 `mask[i, j] = 1` 写入的边界检查（生成代码已确认：pyart/io/_sigmetfile.c:17404 直接生成 `*__Pyx_BufPtrStrided2d(...) = 1`）。循环下界 `nbin` 直接取自 `nbins` int16 数组，而该数组由不可信的 Sigmet/IRIS 文件中每条射线头部的 `nbins` 字段填充。Cython 的 wraparound 处理对负索引只回绕一次（`index += shape[1]`）；因此当构造的文件提供的 `nbin` 绝对值超过 `full_nbins` 时（例如 `nbin = -32768`、`full_nbins = 100`），回绕后的索引 `-32768 + 100 = -32668` 仍为负数，写入落在数组数据指针的负偏移处。这是一次未检查的堆越界写，位于 NumPy mask 分配之外，可导致堆破坏乃至任意代码执行。该负值路径并非假设：第 337 行 `out[4] = -1`（合法的缺失射线处理）本就向该数组注入 `-1`，即正常文件也会走到负值分支；略大的负值即可越过越界阈值。任何使用 Py-ART 解析不可信 IRIS/Sigmet 文件的应用（如数据接入服务）都受影响。另需注意 PRODUCT_END 中的 `number_bins` 为 `SINT4`，而每条射线的 `nbins` 为 `SINT2`，两个维度可被攻击者独立控制。",已确认,已验证
中危,#7b4e3f54-8451-48f3-a393-9d0285ec2428,pyart/io/_sigmetfile.pyx,0,Out-of-bounds heap read in SigmetFile._get_ray via unmasked compressed-run length,`_get_ray` 通过裸 C 指针 `self._rbuf_p` 访问记录，该指针没有任何边界检查（仅有 `@cython.wraparound(False)`；裸指针运算不受 Cython 校验）。压缩块长度由文件可控的 int16 计算为 `words = compression_code + 32768`，尽管源码注释声称仅低 7 位表示长度，实际并未做掩码，故 `words` 最大可达 32767。在跨记录分支中，`remain = words - (3072 - self._rbuf_pos)` 因此最多可达约 32766。`_load_record()` 将 `_rbuf_p` 重新指向全新的 3072 元素记录缓冲区并把 `_rbuf_pos` 重置为 6 之后，第 363-364 行的循环以 `i` 最大到 `remain - 1` 解引用 `_rbuf_p[6 + i]`，远超 NumPy 缓冲区末尾。配套的写入 `out[first_end + i]` 是有边界检查的（已在 pyart/io/_sigmetfile.c:11875-11881 确认），因此超大写入会抛 IndexError 而不会破坏内存；但由于 `out` 的尺寸 `nbins + 6` 来自攻击者可控的 `product_end.number_bins`（SINT4），攻击者可将其放大到足以让写入仍处于界内，而读取则越过 3072 元素的记录缓冲区。由于 6144 字节记录的 NumPy 缓冲区紧邻其他堆分配，这会产生数十 KB 的堆越界读：可靠的崩溃（拒绝服务），并可能通过传播的雷达数据泄露相邻堆内存。,已确认,已验证
低危,#fae33477-4ffe-4c64-b2a0-a07b73e94af3,pyart/correct/src/dealias_fourdd.c,0,Negative ray index reaches array access in window/find_window,"find_window() 仅对 startray/endray 做一次加/减 numRays 的归一化。当 proximity 大于 numRays + ray_index（该调节参数由调用方提供且未做范围校验）时，调整后的 startray 仍为负值并被传入 window()；window() 的循环 `for (ray_index=startray; ray_index<numRays; ...)` 随后以负下标解引用 rv_sweep->ray[ray_index]，读取到射线指针数组之前的内存。注意 window() 对 firstbin/lastbin 做了 [0, numBins-1] 裁剪，却未对射线索引做同样的处理。",仅初筛,未验证
中危,#d2238d99-094a-4efa-9d34-c42f505a05b3,pyart/io/_sigmetfile.pyx,0,Unbounded memory allocation driven by untrusted Sigmet header dimensions (DoS),"`read_data` 直接从文件头部推导所有数组维度，且没有任何合理性上限：`nsweeps` 为有符号 16 位 `task_scan_info.number_sweeps`，`nbins` 为有符号 32 位 `product_end.number_bins`，`nrays` 为无符号 16 位 `ingest_configuration.number_rays_sweep`，而分配数组的个数等于四个数据类型掩码字中被置位的位数（最多 128）。因此乘积 `nsweeps × nrays × nbins × 4 字节 × ndata_types` 完全由攻击者控制，一个约 12 KB 的构造文件即可迫使程序尝试分配数 PB 的堆内存，抛出未处理的 `MemoryError`/`OverflowError`，在任何数据被校验之前就耗尽进程内存。对于雷达数据接入服务或任何读取不可信文件的流水线，这是一个成本极低且可靠的拒绝服务。下一层的 `_get_sweep:281` 存在同样的放大：`nrays = sum(number_rays_file_expected)`（每项为 SINT2）与 `nbins`（SINT4）在无任何校验的情况下决定 `np.ones((nrays, nbins + 6))` 的大小。",已确认,已验证
中危,#d7c30001-75f0-4955-bcd6-49b3ff7dedb9,pyart/io/mdv_common.py,0,Out-of-bounds read in MDV RLE8 decompression of untrusted file data,_decode_rle8 以精确的缓冲区末尾判断（`while data_ptr != len(data)`）遍历编码缓冲区，并在未做边界检查的情况下向前读取两个字节（data[data_ptr+1]、data[data_ptr+2]）。若 compr_data 的最后一个字节恰为转义 key，则 data_ptr+1/+2 将越界；又因游程分支使 data_ptr 每次前进 3 字节，data_ptr 也可能越过 len(data)，使 `!=` 循环条件永不成立，随后 data[data_ptr] 触发 IndexError。此外输出缓冲区大小取自“nbytes_coded”头字段，而实际写入量由编码流决定，二者无关，单字节写入 out[out_ptr] 可能越界。以上均可由畸形 MDV 文件触发，导致读取因未捕获异常（IndexError）而中止或静默截断，即解析器层面的拒绝服务。,已确认,已验证
中危,#d9214cd0-9e72-45f8-bc56-12321b07b537,pyart/io/remote.py,0,SSRF guard bypass via DNS hostname that resolves to internal IP,_validate_url 仅拒绝硬编码的一小组字面主机名与字面 IP 地址。任何 DNS 域名（例如 'internal-metadata.corp'、'localtest.me'，或 A 记录指向 127.0.0.1 / 169.254.169.254 / 10.0.0.0/8 的攻击者可控域名）都会使 ipaddress.ip_address() 抛出 ValueError 从而被放行。该校验在 DNS 解析之后、以及重定向跳转之间均未重新校验，因此文档中所称的“SSRF 防护”对典型的 DNS Rebinding / 私有 DNS 名称型 SSRF 毫无作用。运维人员复制站点模板，或任何 URL 不完全可信的代码路径，都可能访问仅限内网的服务。,已确认,已验证
高危,#e690e4d2-3d2a-4698-a606-78f4aea2df20,pyart/io/remote.py,0,SSRF guard explicitly disabled for MUSIC download URL,CmaMusicSource.fetch 向 _http_get 传入 allow_private=True，使 _validate_url 对任意 http/https URL 无条件返回 True（第 256-257 行）。该 URL 直接来自调用方提供的 key 字典（key['url']）或上游 MUSIC 服务响应字段。能影响该 URL 的攻击者（投毒的列表响应、明文传输的中间人攻击、或传入伪造 key 的调用方）可迫使库向任意内部端点发起 GET 请求，例如 http://127.0.0.1:6379/、http://169.254.169.254/latest/meta-data/ 或任意 RFC1918 主机。由于响应体会被返回并写入本地缓存，内部内容将暴露给调用方，使盲 SSRF 升级为数据窃取原语。,已确认,已验证
中危,#18f97e10-a773-4085-b432-ea901284a1b7,pyart/io/nexrad_level3.py,0,Unvalidated radial/gate counts drive allocation and silent buffer truncation in Level III parser,"_read_symbology_block 直接从不可信文件的径向数据包头中读取 nradials 与 nbins，并无任何合理上限地分配 np.empty((nradials, nbins))，可造成无上限分配型拒绝服务。在 packet_code==16 分支中，当剩余字节少于 nbins 时 np.frombuffer(buf2[pos:pos+nbins]) 会静默截断，使赋给 radial[:] 的数组形状不符，NumPy 抛出未捕获的 ValueError；更隐蔽的是，若截断后长度恰好匹配，则其余距离门保持未初始化。RLE 分支将头部 nbytes 乘以 2 而未检查缓冲区长度。所有这些路径都会让畸形 Level III 产品中断或污染读取过程。",已确认,已验证
中危,#8227a7a4-cccd-4b92-bbab-b9719c5d684c,pyart/io/nexrad_level3.py,0,IndexError on empty radial list and unbounded allocation in Level III packet-28 parser,_read_symbology_block_28 在未确认是否存在已解码径向的情况下直接对 radials[0] 取下标。精心构造的 176 号产品文件若其 XDR 组件列表为空（或 'components' 字典畸形），将抛出未捕获的 IndexError；而较大的 nradials/nbins 会在第 286 行触发未校验的分配。包头中的 num_bytes 也用于切片缓冲区却未验证其是否越界，因此过短的缓冲区会被静默传给 XDR 解析器并产生 EOFError/ValueError。这些都是在对攻击者提供的文件调用 read_nexrad_level3 时可达的畸形输入健壮性缺陷。,已确认,已验证
中危,#b9467231-61e0-49b6-ba2a-766f71a1c342,pyart/io/mdv_common.py,0,Unbounded array allocation from MDV field header dimensions,read_a_field 完全依据所解析文件的字段头中的 nx/ny/nz 整数来设定输出数组大小。三者均为 32 位有符号值，因此精心构造的 MDV 文件可请求高达 (2^31)^3 个元素的分配。NumPy 会在读取任何数据前抛出 MemoryError（或进程被 OOM 杀死），使攻击者能够轻易触发拒绝服务。同一个 nz 还会传入 _get_levels_info，后者构造包含 2*nz 个整数的 struct 格式串并对远小于 calcsize(fmt) 的读取调用 struct.unpack，从而抛出 struct.error。代码未将头部维度与文件实际大小或主头中的 max_nx/max_ny/max_nz 进行任何关联约束。,已确认,已验证
中危,#f56fc438-f96e-4b48-b12e-82563dc9aee7,pyart/io/nexrad_level2.py,0,Unbounded bz2 decompression of NEXRAD records (decompression bomb DoS),当 NEXRAD Level II 文件的压缩记录标记为 bzip2 时，代码会把整个负载完整解压到内存中，且没有任何大小限制。bz2 的压缩比极高，因此一个很小的构造文件就能膨胀到数 GB，耗尽进程内存并导致宿主崩溃。循环还会解压所有串联的 bz2 成员，攻击者可重复构造负载以放大影响。该方法可经 NEXRADLevel2File.__init__ 直接被 pyart.io 读取不可信文件时触发。,已确认,已验证
低危,#268283e9-28f9-4191-9da2-a8b24bcbdc9e,pyart/io/sigmet.py,0,sigmet time-ordering helper dereferences dict_keys view causing TypeError (DoS),该辅助函数使用 metadata.keys()[0]，而同类的其他函数正确使用了 list(metadata.keys())[0]（见 _is_time_ordered_by_reversal L512）。在 Python 3 中 dict_keys 不支持下标，因此任何缺少扩展头的 Sigmet 文件在调用方请求顺序时间排序时都会触发未捕获的 TypeError 并中止读取。是否走 XHDR 分支取决于文件内容，攻击者可用普通（无扩展头）文件强制进入失败路径。,仅初筛,未验证
中危,#7a67cb90-b2ca-4a8e-8638-ce2d36395040,pyart/io/cfradial.py,0,cfradial variable-gate repack indexes field data with unvalidated ray_n_gates/ray_start_index (DoS),在使用可变门约定的 CF/Radial 文件中，每条射线的门数与起始索引直接取自文件，并同时决定目标行索引与源切片。若 ray_n_gates 的条目数超过 'time' 维长度、门数超过 'range' 维、或 idx+gates 超过扁平字段数据的长度，赋值将抛出 IndexError/ValueError（numpy 切片形状不一致）。这会成为未捕获异常并中止文件读取，对任何处理不可信 CF/Radial 数据的消费者构成拒绝服务。,已确认,已验证
中危,#9b7666c9-3221-4421-9cab-0608d35cd324,pyart/io/sband_radar.py,0,sband_radar get_data writes file-controlled ngates without bound clamp (DoS),"与等价的 NEXRAD 读取器（nexrad_level2.py:534 使用 min(msg[moment]['ngates'], max_ngates, len(msg[moment]['data']))）不同，S 波段读取器赋值时未做任何钳制。由于 ngates 与 frombuffer 切片长度都来自文件头字段，构造文件只要让后续消息声明的门数大于 max_ngates（或指针/数据被截断），就会使切片与视图形状不一致，抛出 ValueError/IndexError 并中止读取。当 max_ngates 仅由第一条射线计算时，后续任意一条 ngates 更大的射线即可触发该失败。",已确认,已验证
中危,#c73c453b-2f27-4bf3-a643-97df33eb4702,pyart/io/nexrad_level2.py,0,MSG31 data block name ASCII decode and pointer unpacking unvalidated (DoS),数据块由文件中的指针选定，但三个名称字节和指针本身都未校验。非 ASCII 的名称字节（0x80-0xFF 任意值）会使 .decode('ascii') 抛出 UnicodeDecodeError；同样，指针大于缓冲区会使随后的 _unpack_from_buf 在过短的切片上抛出 struct.error。这些异常均未被捕获，构造的 NEXRAD 文件即可使读取器崩溃。此外当 ptr2+ngates*2 超出缓冲区时 np.frombuffer 会静默截断，产生比声明的 ngates 更短的数据数组（下游长度假设依赖于此）。,已确认,已验证
中危,#f89e9ef1-a9c4-46f7-a3f8-ca20bece35f4,pyart/io/nexrad_level2.py,0,Unvalidated MSG31 size header and block pointers cause uncaught struct.error (DoS),消息长度字段直接取自文件并转换为记录长度，既未校验下界，也未校验缓冲区剩余长度。将 size 设为 0 或 1 会得到负的 msg_size，从而产生空/被截断的 mbuf，随后对 MSG_31 执行 struct.unpack 便抛出 struct.error。由于调用方仅对消息类型 5 捕获该异常，异常会从解析循环逃逸并终止整个读取。同样未校验的 block_pointer（最大 65535）随后被传入 _get_msg31_data_block，越界指针同样触发 struct.error。单个构造文件即可稳定使读取它的应用崩溃。,已确认,已验证
低危,#107f5054-955c-4fc5-b18d-125c37269013,pyart/io/uffile.py,0,Signed UF record length allows negative read size and whole-file buffering,UF 记录分帧使用来自文件的带符号 16 位 record_length 并乘以 2，却没有校验所得 record_size 是否至少等于已消费的头部长度。当其更小时，`bytes_to_read` 为负数，`fobj.read(负数)` 会把整个剩余文件读入内存作为一条“记录”。随后该记录交给 UFRay，而其必选头部偏移同样来自文件，因此解析器被攻击者可控的值引导。具体影响是内存放大与畸形解析崩溃（拒绝服务），而非内存破坏——因为未校验的偏移只用于索引 Python bytes 切片和 struct.unpack，二者在长度不符时都会抛错。,仅初筛,未验证
低危,#376b4c84-5350-4125-aa27-8f5e38e2eb8a,pyart/io/chl.py,0,Signed block length in CHL reader causes unbounded file read and parse cursor corruption,CHL 读取器的块分帧完全由文件中的带符号 32 位 length 字段驱动，却没有校验 `length >= 8`（块头长度）。当 `length - 8` 为 0 或负数时，`self._fh.read(...)` 会返回整个剩余文件而不是所声明的块，于是按块分帧的结构崩溃：下一轮循环会从并不对应任何真实块边界的位置继续读取块头。结合 ChlFile.__init__ 中宽松的 `while packet is not None` 循环（chl.py:274-277），伪造文件可把解析器驱往任意偏移。直接后果是内存放大（整个文件被一次性缓冲）与解析错乱/拒绝服务；由于 payload 随后交给 struct.unpack 并在长度不符时抛错，它属于分帧完整性缺陷而非内存安全缺陷。,仅初筛,未验证
中危,#e756f469-3419-4605-98e4-5402ea3a3b54,pyart/io/C98DRadFile.py,0,Unvalidated signed moment length in C98D reader drives buffer slice and cursor advance,C98D 读取器直接从文件头取得矩数据块长度，既用它确定 numpy 缓冲区读取大小，又用它推进解析游标，完全没有针对剩余缓冲区做边界校验。由此产生三种可利用后果：(a) 若 `leng` 大于剩余字节数，Python 切片会把 `buf[self.pos:self.pos+leng]` 静默截断，但传给 np.frombuffer 的 `count=leng` 仍然是原值，于是抛出 ValueError 并终止整个读取（未捕获的拒绝服务）；(b) 若 `leng` 为哨兵负值 -1，np.frombuffer 会把 count=-1 解释为“读到缓冲区末尾”，造成与文件大小成正比的内存放大；(c) 由于 `self.pos += leng` 在所有未抛错的路径上都使用同一不可信值，负的 `leng` 会使游标回退，随后的矩/径向头将从文件内任意攻击者选定的偏移处解析，可能驱使 __init__ 中的外层 `while 1` 循环（C98DRadFile.py:65-92）反复错位解析，直到 KeyError/struct.error 终止。整个解析过程的每个字段都源自原始文件字节，即攻击者可控来源。,已确认,已验证
致命,#ed8eb08a-e3bb-4fd8-9bd7-504745ac835b,pyart/io/output_to_geotiff.py,0,OS Command Injection via unquoted filename in gdalwarp os.system call,write_grid_geotiff() 是 pyart.io 的公开 API。当 warp=True 时它通过 os.system() 调用外部程序 gdalwarp。输出文件名由调用方提供，并被直接拼接进 shell 命令行，完全没有引号包裹或转义。use_doublequotes 参数只决定包裹 SRS 投影参数用双引号还是单引号，绝不会包裹、转义或校验 ofile。只要文件名含有 shell 元字符（;、&、|、$(...)、反引号，或用于逃逸 SRS 参数的引号），即可以进程权限执行任意操作系统命令。在任何允许用户指定栅格导出文件名的部署中，这等同于远程代码执行。,已确认,已验证
高危,#21f7327f-de84-4f0c-aa26-d00932216b6b,pyart/retrieve/_kdp_proc.c,0,Out-of-bounds memoryview read in lowpass_maesaka_term when ray has fewer than 3 gates,"lowpass_maesaka_term 使用了 @cython.boundscheck(False) 与 @cython.wraparound(False) 编译，生成的 C 代码中完全没有任何下标边界检查。该函数计算二阶距离导数的边界处理假定每条射线至少包含三个距离库：g == 0 分支无条件读取 k[r, g+1] 与 k[r, g+2]，最后的 else 分支（g == ng-1）读取 k[r, g-1] 与 k[r, g-2]。当 ng < 3（尤其是 ng == 1 或 ng == 2）时，这些下标越过该行末尾，或者因为禁用了 wraparound 而变成指向缓冲区之前的负偏移指针。ng 直接取自 k.shape[1]，即雷达体扫的每射线距离库数，该值来自输入的雷达文件，因此其可信度完全取决于该文件。攻击者构造的、每射线距离库少于 3 个的雷达文件会使循环读取 NumPy 缓冲区相邻的堆内存。这属于内存安全缺陷：可导致解释器崩溃（拒绝服务），并可能把越界的堆内容泄漏到反演得到的 KDP 结果中。函数自身的契约（ng = k.shape[1]）允许 ng = 0、1、2，因此不存在上游对 ng 的钳制。",已确认,已验证
高危,#29123787-32c0-4821-9253-f27a23ae9a46,pyart/retrieve/_kdp_proc.c,0,Out-of-bounds memoryview read in lowpass_maesaka_jac when ray has fewer than 4 gates,"lowpass_maesaka_jac 是低通滤波器的雅可比对应函数，同样以 @cython.boundscheck(False) 与 @cython.wraparound(False) 编译。其差分模板有六个边界分支，下标运算范围 g-2 至 g+2，只有在 ng >= 4 时才成立。当 ng == 3 时，第 18674 行的 g == 2 分支读取 d2kdr2[r, g+1]（下标 3）越过该行末尾；当 ng == 2 时，第 18729 行的 g == 1 分支读取下标 2；当 ng == 1 时，第 18763 行的 g == 0 分支读取下标 1。由于边界检查被编译期移除，这些都是对 NumPy 缓冲区相邻堆内存的真实越界读取。ng 来自输入雷达体扫的距离库数量，即来自不可信的文件内容，而函数参数契约（ng = d2kdr2.shape[1]）允许包括 1 至 3 在内的任意取值。其影响是进程崩溃（拒绝服务），并可能通过返回的梯度数组泄漏越界的堆数据。",已确认,已验证
中危,#3b55ab9e-cf83-464a-8584-86768f7b1f4e,pyart/io/nexrad_archive.py,0,"Unvalidated file-header gate count reaches NEXRAD interpolation kernel, allowing out-of-range array indexing (crash)","`read_nexrad_archive` 依据 `_find_range_params` 计算数据数组尺寸，而该函数在遍历每个时刻（moment）时**仅取每个扫描 `ngates` 列表的下标 0**（nexrad_archive.py:294 `ngates = scan_params[""ngates""][0]`）。当构造的文件使靠后的时刻拥有比下标 0 更大的 `ngates` 时，`max_ngates`（即 `len(_range['data'])`，第 215 行）会低估该时刻的真实门数。插值分支随后在第 243 行直接从文件读取 `moment_ngates = scan_info[scan][""ngates""][idx]`，且从未校验 `moment_ngates <= mdata.shape[1]`，便将其传入 `_interpolate_scan` 并最终进入 Cython 内核。`_fast_interpolate_scan_4` 中的 `for i in range(moment_ngates): gate_val = data[ray_num, i]` 以及写回循环 `for i in range(interp_ngates): data[ray_num, i] = scratch_ray[i]`（其中 `interp_ngates = 4 * moment_ngates`）会对 `data` 内存视图和 `scratch_ray`（在 nexrad_archive.py:343 按 `np.empty((data.shape[1],))` 分配）以可能超出其长度的偏移进行索引。由于 `nexrad_interpolate.pyx` 未启用 `@cython.boundscheck(False)`，其后果表现为未捕获的 `IndexError` 中断读取（拒绝服务）而非静默堆溢出；但这意味着库的内存安全完全依赖一个未在模块内声明的 Cython 全局设置，一旦日后加上项目其他内核普遍使用的 `boundscheck(False)` 注解，即会演变为越界写。`start`/`end` 同样来自文件派生的扫描下标（第 244-245 行）并被不加校验地传入 `range(start, end+1)`。",已确认,已验证
中危,#86ab7a5f-effc-4795-bdbc-36f3749fbaed,pyart/io/sband_archive.py,0,File-header validation implemented with Python assert statements (stripped under -O) in S-band scan-interpolation selection,"`_find_scans_to_interp` 使用 Python `assert` 语句校验来源于二进制雷达文件的 gate spacing 与 first gate 数值，存在两个问题：(1) `assert` 是调试手段而非输入校验，在 `python -O`（或 `PYTHONOPTIMIZE=1`）下会被从字节码中剥离，此时门间距既非基准间距 1/4 也非 1/2 的畸形文件不会被拒绝，而是被静默送入插值流程；(2) 在启用 assert 时，畸形文件或仅由浮点表示差异导致的不一致会抛出未捕获的 `AssertionError`，使整个读取过程中断。对照实现 `nexrad_archive.py:327-332` 针对同一条件显式抛出 `ValueError(""Gate spacing is neither 1/4 or 1/2"")`，可见 S 波段版本属于实现不一致而非有意设计。影响为拒绝服务（未处理异常终止读取），以及在 -O 情况下唯一的合法性检查失效，使不一致的 `moment_ngates` 直接进入插值例程。",已确认,已验证
低危,#bf4710f8-dfbd-49d0-8d2c-eea31962da7f,pyart/io/xband_native.py,0,Uninitialized heap memory returned as radar field data when a ray's moment code is absent in experimental X-band reader,"`_read_volume` 使用 `np.empty((nrays, ngates))` 分配输出场（第 232 行），但填充时遍历的是**经过过滤的** `frames` 列表——只有声明 `data_type` 字节等于字典键的帧才能通过第 229 行 `item[0] == code` 的过滤。一旦某条射线的时刻块携带的 `data_type` 与 `code` 不匹配（例如 `data_type = 0`，或六个合法码中非当前的码），该射线的行就会被跳过且永远不会被写入。由于数组来自 `np.empty`，未写入的行保留该堆位置原有的内容，这些原始 float32 字节会随 `radar.fields[name]['data']` 返回给调用方。因此构造的文件可导致泄露进程内无关内存（同一解释器先前的分配），并被下游代码持久化或绘图。由于字节被解释为 float32（通常为 NaN/非规格化数），影响有限，但属于典型的未写入缓冲区泄露，应当修复。另需注意该函数未校验 `nrays`/`ngates` 非零，因此声明 `ngates < 2` 的文件会进入 `_radar_from_arrays`，在第 109-110 行的 `ranges[1]`/`ranges[0]` 处抛出 `IndexError`。",仅初筛,未验证
低危,#0e8f8c11-edde-4dc9-9c08-23062b51f94e,pyart/map/_gate_to_grid_map.c,0,Unvalidated float-to-int conversion of grid index bounds in find_min/find_max,find_min 与 find_max 将坐标偏移除以 step 后直接转换为 C 的 int 类型，且没有任何范围检查。当 grid_steps 取值极小（非零）时，商可能超过 INT_MAX，这在 C 中属于浮点转整型的未定义行为（实际可能得到 INT_MIN，从而以不一致的方式绕过 <0 与 >na-1 的钳制）。另外，当 step == 0 时两个函数都静默返回 0，将搜索窗口坍缩到索引 0，掩盖了网格配置错误而非报错。后续钳制能约束常见情形，因此该问题严重性较低（健壮性/未定义行为），但它与无边界检查的网格写入位于同一执行路径上。,仅初筛,未验证
中危,#4f04a80a-a1ae-434f-9de0-aa3e1d85d57e,pyart/map/_gate_to_grid_map.c,0,"Out-of-bounds read of h_factor in DistBeamRoI.get_roi (boundscheck disabled, no length validation)","DistBeamRoI.get_roi 使用 h_factor[0]、h_factor[1]、h_factor[2] 三个分量计算波束影响半径（pyart/map/_gate_to_grid_map.pyx:137-140）。该方法带有 @cython.boundscheck(False) 和 @cython.wraparound(False) 装饰器，因此生成代码执行三次裸指针读取（h_factor.data + index），没有任何边界检查（C:22168）。DistBeamRoI.__init__ 接收 float[::1] h_factor 并原样保存，从不校验其元素个数是否至少为 3。公开入口 pyart.map.gates_to_grid.map_gates_to_grid 仅在传入纯 float 时才把 h_factor 扩展到长度 3（gates_to_grid.py:125-126）；其他任意长度的元组/列表会被 np.array(...) 转换后原样传入（gates_to_grid.py:123-124, 349-350）。因此调用方只要传入看似自然但长度不足的 h_factor=(1.0, 1.0)（或空元组），就会在每个雷达、每个雷达门上读取到已分配 float 数组之外 4~8 字节，构成堆越界读取。影响为网格/ROI 计算中的内存信息泄露以及潜在崩溃；因不属于写操作，定级为 MEDIUM 而非 HIGH。该路径可直接触发，且只需公开 API 上一个相当普通的用户输入。",已确认,已验证
中危,#a8abf71d-02d2-4062-ba19-34dab8754ac9,pyart/map/ckdtree.c,0,Heap buffer underflow in heap.remove when the heap is empty (query with k=0),heap.remove()（pyart/map/ckdtree.pyx:188-192）无条件执行 `self.heap[0] = self.heap[self.n-1]`。当堆为空（n == 0）时，该语句读取 malloc 缓冲区起始位置之前的一个 heapitem（16 字节，即 heap[-1]），造成堆缓冲区下溢读取，随后将 n 置为 -1。在 __query 中，邻居队列以 `heap(k)` 创建，当 k == 0 时条件 `if neighbors.n==k:` 成立，于是对空堆调用 remove()。紧接着第一条 push 语句会计算 i = n-1 = -1，执行 `self.heap[-1] = item`，即在缓冲区之前进行 16 字节的越界堆写入，破坏堆元数据或相邻对象。`cKDTree.query` 全程未校验 k（从公开方法到 heap() 之间没有任何 `k < 1` 检查），因此该函数自身的参数契约允许这一危险取值。仓库内现有调用方目前传入 k=1（pyart/map/gate_mapper.py:179），但该方法是与 SciPy 兼容的通用公开 API。,已确认,已验证
高危,#b2f85692-1223-477f-a054-055d86159c0b,pyart/map/ckdtree.c,0,Double free of 'mids' buffer in cKDTree.__build error path,cKDTree.__build 的 Cython 生成错误处理代码（源文件 pyart/map/ckdtree.pyx:965-971）对同一堆缓冲区 `mids` 释放了两次。except 子句中的两个条件分支都释放了 `mids`，而第一个分支本应释放 `ni`（正确写法应为 `if ni != NULL: free(ni)` 后接 `if mids != NULL: free(mids)`）。由于第一次 `free()` 后未将 `mids` 置为 NULL，第二次 `free()` 构成典型的双重释放。同时该路径上分配的中间节点 `ni` 被泄漏。任何在建树过程中抛出的异常都会进入该处理分支。双重释放会破坏 glibc malloc 的空闲链表元数据，可能被利用实现任意内存破坏乃至代码执行，最轻也会导致进程崩溃（拒绝服务）。任何构建 cKDTree 的 Py-ART 网格化流程（如 pyart/map/gates_to_grid.py、grid_mapper.py）均可触发该代码，而这些流程处理的数据规模由可能来自攻击者提供的雷达文件决定。,已确认,已验证
低危,#23c53c29-9b52-467f-a316-af6e7de52e5a,pyart/aux_io/kazr_spectra.py,0,IndexError on malformed radar_operating_frequency attribute in KAZR spectra reader,"read_kazr_spectra 通过正则表达式在文件的 radar_operating_frequency 属性上提取频率，并直接取结果下标 [0]。若该属性不含数字（例如空字符串、仅含单位如 ""GHz""，或非数值内容），re.findall 将返回空列表，索引操作即抛出 IndexError 并中断读取。因此构造畸形的 KAZR 光谱文件会使消费该数据的服务发生未捕获异常。此外，若匹配到的片段无法转换为 float，该表达式还会抛出 ValueError。",仅初筛,未验证
中危,#57a9dd15-34e3-4cb6-9d93-eec2bf28f608,pyart/aux_io/gamicfile.py,0,Unbounded list allocation from attacker-controlled HDF5 'sets' attribute (DoS),GAMICFile.__init__ 直接读取文件属性 what/sets 作为扫描数，并立即据此生成等长的 scan 组名列表。该数值完全由被解析的文件控制，且从未与实际文件内容或大小做校验。攻击者构造 sets = 10^9 的 HDF5 文件即可造成无上限的列表/字符串分配，在任何组查找失败之前就耗尽内存。read_gamic() 会直接用调用方传入的文件名构造 GAMICFile，因此任何接收不可信雷达文件的应用（上传入口、网络数据流、邮件附件）都可能被强制耗尽内存。该属性还会驱动 how_attrs()/what_attrs() 对所有伪扫描进行循环，进一步放大开销。,已确认,已验证
高危,#94f00ef4-cd5a-4a11-a8b8-2212ba97f8c9,pyart/graph/max_cappi.py,0,Path traversal in plot_maxcappi output filename allows writing outside savedir,plot_maxcappi 通过字符串拼接 caller 传入的 `savedir`、`title` 参数以及从输入雷达/网格文件读取的 `instrument_name` 元数据来构造输出路径。`title` 与 `instrument_name` 均未做任何净化（没有 basename、没有去除路径分隔符、没有目录包含校验）。当雷达/网格文件的 `instrument_name` 属性包含相对路径穿越序列（例如 `../../../../home/user/.ssh/authorized_keys` 或 `../../../etc/cron.d/x`）时，`figname` 会逃逸出 `savedir`，随后 `plt.savefig()` 会在攻击者指定的任意路径写入文件。由于该元数据来自不可信的雷达二进制/NetCDF 体数据，任何将用户上传的雷达文件绘制到固定输出目录的应用，都可能被诱使写出该目录之外的文件。`title` 参数是注入同一 sink 的第二个同样未净化的来源。,已确认,已验证
低危,#e3e000b0-e8e6-4bc8-8d51-1f7b455e50dd,pyart/config.py,0,Arbitrary Python code execution when loading a Py-ART configuration file,load_config() 直接从文件路径加载并执行 Python 模块（使用 importlib 的 exec_module()，回退到已废弃的 imp.load_source()）。该路径来自 PYART_CONFIG 环境变量（config.py:92）或公开发布的 pyart.load_config API 的 filename 参数。攻击者只要能在可控路径放置文件，或影响该环境变量，就能以导入进程的完整权限执行任意 Python 代码。函数文档字符串已承认此风险（'不要加载不可信的配置文件'），属于有意为之但危险的设计：任何把用户提供的路径转发给 load_config() 的上层封装程序，或在 PYART_CONFIG 可被攻击者影响的环境中运行的程序，都会继承任意代码执行能力。由于利用需要控制配置路径或环境变量而非来自本代码库中的网络/文件解析器，置信度为中。,仅初筛,未验证
低危,#3fbfe42b-7f69-4ce6-9e8e-012f0e730ebd,pyart/aux_io/radx.py,0,Leaked file descriptor and temp file created in untrusted current working directory,"tempfile.mkstemp() 返回 (fd, path) 元组，这里仅通过下标 [1] 保留路径，返回的文件描述符从未被关闭。因此每次调用 read_radx() 都会永久泄漏一个文件描述符；在持续读取雷达文件的长时间运行服务中，会耗尽进程的 fd 上限（通常为 1024），导致后续文件/套接字操作失败，形成拒绝服务。另外，临时文件使用 dir='.' 创建，即落在进程的当前工作目录中——该目录可能是攻击者可写或共享的位置。该路径随后以文件名形式交给外部 RadxConvert 进程打开并覆盖写入，在 mkstemp 创建、外部写入与 finally 中 os.remove() 之间形成了 TOCTOU/符号链接替换窗口。",仅初筛,未验证
中危,#434d5a71-e9c1-4001-a0a9-ca2efc74663d,pyart/aux_io/rxm25.py,0,Unbounded memory allocation driven by untrusted NetCDF dimension sizes in read_rxm25,read_rxm25() 完全信任输入 NetCDF 文件中声明的维度大小，未做任何上限校验。netCDF 的维度长度是存储在文件头中的 64 位数值，并不要求与实际存储的数据量一致。攻击者提供一个声明了超大 'Gate' 与 'Radial' 维度的伪造 RXM-25 文件，即可使 make_empty_ppi_radar() 及随后的 radar.fields 赋值分配巨量数组（每字段 rays_per_sweep × ngates × 8 字节，共 13 个字段），耗尽进程内存并被 OOM 杀掉，形成拒绝服务。由于该读取器被注册为辅助文件格式处理器，任何接受用户上传雷达文件的服务都会受影响。此外，负值或超大的维度可能在 netCDF4/numpy 内部抛出难以处理的异常，而非被干净地拒绝。,已确认,已验证
低危,#7dc6bf21-da9b-410b-95ec-4956e01d0ff4,pyart/aux_io/sinarame_h5.py,0,ValueError from int() on non-numeric HDF5 dataset group name in SINARAME reader,"read_sinarame_h5 通过把组名中字面量 ""dataset"" 前缀之后的部分转换为整数来对 HDF5 组排序。组名直接来自文件，因此任何以 ""dataset"" 开头但后续不是数字的顶层组（如 ""dataset_meta""、""datasetXYZ""）都会使排序键抛出未捕获的 ValueError，导致整个读取失败。若文件中不存在匹配的组，失败则会推迟到后面访问 datasets[0] 时的 IndexError。这对任何消费不可信 SINARAME HDF5 文件的程序都构成由文件驱动的拒绝服务。",仅初筛,未验证
中危,#17bab936-a687-4962-8092-db137c133571,pyart/aux_io/rxm25.py,0,Untrusted per-variable shapes assigned to Radar fields without validation in read_rxm25,"从 NetCDF 文件读取的 13 个字段变量在存入 Radar 对象前，均未与 'Radial'/'Gate' 维度做 shape 校验。攻击者可构造文件：声明 Radial=1000、Gate=2000（使 radar.range、radar.azimuth、radar.time 按 1000/2000 构造），却将 Velocity 等字段以不同的 shape（或被静默转换的 dtype）存入。这样得到的 Radar 对象内部不一致；下游 Py-ART 代码（包括关闭了 boundscheck 的 Cython 网格化/插值内核，它们按 (ray, gate) 索引）可能发生越界读取或产生错误结果，按几何形状索引的调用方则会抛出 IndexError 或静默错处理数据。这属于二进制文件解析器信任边界处的输入校验缺失。",已确认,已验证
低危,#5f2e4b4b-ec73-45af-8e2f-09d5e46fd7f9,pyart/io/sigmet.py,0,Division by zero in read_sigmet() when the IRIS header declares zero range bins,"read_sigmet() 通过 Cython _sigmetfile.read_data() 返回的数组形状，直接从产品头（product_end.number_bins）取得 nbins。攻击者构造的 IRIS/Sigmet 文件若声明 number_bins == 0，会使第 305 行的门间隔计算发生除零，抛出未捕获的 ZeroDivisionError 并中止整个文件读取；同一个零值也会使第 319 行的 reshape 失败（ValueError）。这属于输入校验/健壮性缺陷（解析不可信雷达文件时的拒绝服务），而非内存破坏。可达性仅取决于 _sigmetfile.read_data() 是否容忍 number_bins == 0 并分配 (nsweeps, nrays, 0) 数组——当前代码正是如此（原始扫描缓冲区大小按 nbins+6 计算，_sigmetfile.pyx:281）。",仅初筛,未验证
低危,#89582b63-b83b-493b-8fad-0a2eaa93ac2c,pyart/io/nexrad_interpolate.pyx,0,NEXRAD interpolation indexes moment data with an unvalidated header gate count (out-of-bounds access / IndexError),NEXRAD 4:1 插值例程完全依据消息头的门数 moment_ngates 确定输出宽度，而最大输出宽度并非由同一量推导：max_ngates 来自 _find_range_params()，它 (a) 对每个矩都使用 scan_params['ngates'][0]（即该扫描第一个矩的门数）计算 last_gate，(b) 最终为 ceil((max_last_gate - min_first_gate)/min_gate_spacing)。当攻击者构造的文件在同一个扫描内混合门间隔、并让非首个矩（index != 0）声明比首个矩更大的 ngates 时，被插值的矩会扩展到 4*ngates 列，而 data/scratch_ray 只有 max_ngates 列。具体而言：某扫描第一个矩为 250 m/10 门、第二个矩为 1000 m/10 门（4 倍插值目标）时 max_ngates=38，而插值会写入 40 列。两个 memoryview 均以启用边界检查的方式编译（未使用 @cython.boundscheck(False)，setup.py 仅设置 language_level/cpow），因此 Cython 运行时抛出 IndexError 而非破坏内存——影响是未捕获异常导致整个文件读取中止（针对不可信文件输入的拒绝服务）。_fast_interpolate_scan_2（interp_ngates = 2*moment_ngates-1，pyx:85-110）存在同样问题。,仅初筛,未验证
中危,#c004f5c5-c800-4c7f-8a40-260cea2c182d,pyart/map/ckdtree.pyx,0,Double free of 'mids' and leak of 'ni' in cKDTree.__build() exception handler,"__build() 的异常处理存在复制粘贴错误：注释写的是 free ni if it cannot be returned，判断条件也检查 ni，但函数体释放的却是 mids；紧随其后的第二个判断又把 mids 释放一次。当 mids 已成功分配（第 949 行成功）之后、递归 __build() 调用的更深处因 malloc 失败抛出 MemoryError 时，同一堆块会被释放两次（双重释放 -> 堆破坏，在原生扩展中可能被利用），同时第 944 行分配的 ni 节点被泄漏。该路径可从公开构造函数 cKDTree(data, leafsize)（第 846-861 行）到达，而它由 pyart/map/grid_mapper.py:245（NNLocator.__init__）在 map_to_grid() 中对雷达文件派生的门坐标调用。触发需要与建树过程交织的分配失败，因此并非直接由攻击者输入控制，但它是原生扩展中潜在的堆破坏缺陷。",已确认,已验证
中危,#db0886f3-9c78-4f5e-a448-50ae9914fa21,pyart/aux_io/d3r_gcpex_nc.py,0,Unbounded array allocation from untrusted netCDF header (NumGates) enables memory-exhaustion DoS,read_d3r_gcpex_nc() 打开不可信的 netCDF 文件，并将文件声明的标量 NumGates 直接用作 np.arange() 的长度来构建距离向量，该值既未校验合理上限，也未与实际数据规模比对。攻击者通过构造声明 NumGates 为 1e9-1e10 量级的文件，可触发数 GB 的内存分配，导致 MemoryError 或被 OOM killer 终止；在自动识别雷达文件（pyart.io.read）的服务端场景中即形成拒绝服务。同一读取函数还在无任何大小检查的情况下完整物化多个文件变量（第 174/193/199 行的 ncvars['Elevation']、ncvars['Azimuth']、ncvars['Time'][:]，以及通过 _ncvar_to_dict -> ncvar[:]（第 248 行）读取的每个字段），因此还存在第二条由变量维度驱动的无界分配路径。,已确认,已验证
